,ltla_code,X,utla_code,utla_name,ltla_name,total_first_dose,total_second_dose,population,median_age,White_British,Other_White,Mixed,Asian,Black,Other,mean_imd_score
1,E06000001,1,E06000001,Hartlepool,Hartlepool,56357,44325,93663,41.8,96.77419355,1.075268817,0,2.150537634,0,0,35.037
2,E06000002,2,E06000002,Middlesbrough,Middlesbrough,82215,62813,140980,36.2,82.9787234,2.836879433,1.418439716,8.510638298,2.127659574,2.127659574,40.46
3,E06000003,3,E06000003,Redcar and Cleveland,Redcar and Cleveland,88568,70315,137150,44.9,98.51851852,0,0.740740741,0.740740741,0,0,29.792
4,E06000004,4,E06000004,Stockton-on-Tees,Stockton-on-Tees,120581,90280,197348,40.3,93.84615385,1.025641026,0.512820513,3.076923077,0.512820513,1.025641026,25.79
5,E06000005,5,E06000005,Darlington,Darlington,67724,49682,106803,42.9,92.45283019,3.773584906,0.943396226,2.830188679,0,0,25.657
6,E06000006,6,E06000006,Halton,Halton,80751,59052,129410,41,96.82539683,1.587301587,0.793650794,0.793650794,0,0,32.325
7,E06000007,7,E06000007,Warrington,Warrington,135849,99335,210014,41.9,89.04761905,4.761904762,0.952380952,3.333333333,0.476190476,1.428571429,18.942
8,E06000008,8,E06000008,Blackburn with Darwen,Blackburn with Darwen,87959,58610,149696,36.1,66.21621622,3.378378378,1.351351351,27.02702703,0.675675676,1.351351351,36.013
9,E06000009,9,E06000009,Blackpool,Blackpool,90796,73121,139446,43.6,95,2.857142857,0.714285714,0.714285714,0,0.714285714,45.039
10,E06000010,10,E06000010,"Kingston upon Hull, City of","Kingston upon Hull, City of",148622,109273,259778,35.6,88.12260536,4.980842912,0.766283525,3.0651341,1.915708812,1.149425287,40.564
11,E06000011,11,E06000011,East Riding of Yorkshire,East Riding of Yorkshire,238464,187264,341173,48.5,95.85798817,2.071005917,0.591715976,0.887573964,0.295857988,0.295857988,15.605
12,E06000012,12,E06000012,North East Lincolnshire,North East Lincolnshire,96732,72423,159563,42.3,95,2.5,0.625,1.25,0,0.625,31.335
13,E06000013,13,E06000013,North Lincolnshire,North Lincolnshire,110667,85750,172292,44,91.17647059,4.705882353,0.588235294,2.352941176,0.588235294,0.588235294,22.096
14,E06000014,14,E06000014,York,York,127590,88303,210618,37.8,88.94230769,4.807692308,1.442307692,3.365384615,0.480769231,0.961538462,11.727
15,E06000015,15,E06000015,Derby,Derby,157663,119429,257302,36.7,77.734375,5.078125,1.953125,10.9375,2.34375,1.953125,26.323
16,E06000016,16,E06000016,Leicester,Leicester,197790,132554,354224,31.7,42.28571429,8,2.857142857,37.42857143,6.857142857,2.571428571,30.877
17,E06000017,17,E06000017,Rutland,Rutland,27291,20553,39927,46.6,97.36842105,2.631578947,0,0,0,0,8.381
18,E06000018,18,E06000018,Nottingham,Nottingham,155214,109015,332900,29.8,67.28395062,6.790123457,2.777777778,11.11111111,8.641975309,3.395061728,34.891
19,E06000019,19,E06000019,"Herefordshire, County of","Herefordshire, County of",123408,99304,192801,46.7,92.59259259,6.349206349,0.529100529,0.529100529,0,0,18.89
20,E06000020,20,E06000020,Telford and Wrekin,Telford and Wrekin,107734,84522,179854,39.3,89.14285714,3.428571429,1.142857143,4.571428571,1.142857143,0.571428571,24.988
21,E06000021,21,E06000021,Stoke-on-Trent,Stoke-on-Trent,153367,114277,256375,37.7,82.21343874,2.766798419,1.185770751,8.695652174,2.766798419,2.371541502,34.504
22,E06000022,22,E06000022,Bath and North East Somerset,Bath and North East Somerset,115045,86359,193282,38.6,91.44385027,4.278074866,1.069518717,1.604278075,1.069518717,0.534759358,11.745
23,E06000023,23,E06000023,"Bristol, City of","Bristol, City of",259547,175653,463377,32.7,78.11816193,8.096280088,1.531728665,5.470459519,5.032822757,1.750547046,26.363
24,E06000024,24,E06000024,North Somerset,North Somerset,149294,114966,215052,45.8,94.36619718,2.34741784,0.938967136,0.938967136,0.469483568,0.938967136,15.825
25,E06000025,25,E06000025,South Gloucestershire,South Gloucestershire,184981,135271,285093,41,89.85507246,3.623188406,1.449275362,2.536231884,0.724637681,1.811594203,11.66
26,E06000026,26,E06000026,Plymouth,Plymouth,163699,120326,262100,38.2,90.49429658,3.802281369,1.140684411,1.520912548,1.140684411,1.901140684,26.619
27,E06000027,27,E06000027,Torbay,Torbay,93476,77322,136264,48.2,93.23308271,3.759398496,0.751879699,1.503759398,0,0.751879699,28.104
28,E06000030,28,E06000030,Swindon,Swindon,133257,98618,222193,39.6,81.19266055,5.963302752,2.293577982,8.256880734,1.376146789,0.917431193,18.622
29,E06000031,29,E06000031,Peterborough,Peterborough,112077,77435,202259,36.2,69.89795918,14.28571429,2.040816327,9.183673469,3.571428571,1.020408163,27.821
30,E06000032,30,E06000032,Luton,Luton,105833,71727,213052,33.8,42.59259259,11.57407407,3.240740741,31.01851852,9.722222222,1.851851852,25.908
31,E06000033,31,E06000033,Southend-on-Sea,Southend-on-Sea,109979,82388,183125,41.5,86.66666667,5,1.666666667,2.777777778,2.222222222,1.666666667,22.375
32,E06000034,32,E06000034,Thurrock,Thurrock,91780,64313,174341,36.8,77.24550898,6.586826347,1.796407186,2.994011976,8.982035928,2.395209581,20.928
33,E06000035,33,E06000035,Medway,Medway,161466,114528,278556,38,85.19855596,3.610108303,2.166064982,5.054151625,3.249097473,0.722021661,23.936
34,E06000036,34,E06000036,Bracknell Forest,Bracknell Forest,74466,51819,122549,38.9,83.19327731,6.722689076,2.521008403,4.201680672,2.521008403,0.840336134,10.241
35,E06000037,35,E06000037,West Berkshire,West Berkshire,105251,75212,158450,42.9,89.17197452,5.732484076,1.27388535,3.184713376,0.636942675,0,9.952
36,E06000038,36,E06000038,Reading,Reading,94104,58289,161780,34.2,65.03067485,8.588957055,3.067484663,14.72392638,5.521472393,3.067484663,19.619
37,E06000039,37,E06000039,Slough,Slough,81750,48507,149539,34.4,30.6122449,13.60544218,2.040816327,43.53741497,8.163265306,2.040816327,22.965
38,E06000040,38,E06000040,Windsor and Maidenhead,Windsor and Maidenhead,99481,72888,151422,41.8,75.33333333,10.66666667,2,8.666666667,1.333333333,2,8.376
39,E06000041,39,E06000041,Wokingham,Wokingham,112127,75217,171119,41.5,86.58536585,4.268292683,0.609756098,6.097560976,1.219512195,1.219512195,5.846
40,E06000042,40,E06000042,Milton Keynes,Milton Keynes,162269,105018,269457,37.3,72.55639098,6.390977444,2.631578947,10.52631579,6.766917293,1.127819549,17.98
41,E06000043,41,E06000043,Brighton and Hove,Brighton and Hove,166534,109807,290885,35.6,81.53310105,7.317073171,2.090592334,4.87804878,1.742160279,2.43902439,20.761
42,E06000044,42,E06000044,Portsmouth,Portsmouth,120307,89306,214905,33.8,84.97652582,5.633802817,0.938967136,4.225352113,2.816901408,1.408450704,26.899
43,E06000045,43,E06000045,Southampton,Southampton,135685,93526,252520,32.2,72.90836653,9.960159363,1.992031873,8.764940239,3.187250996,3.187250996,26.876
44,E06000046,44,E06000046,Isle of Wight,Isle of Wight,99011,83992,141771,49.6,95.03546099,2.836879433,0.709219858,0.709219858,0.709219858,0,23.294
45,E06000047,45,E06000047,County Durham,County Durham,338803,259491,530094,43.5,97.31285988,1.151631478,0.19193858,0.959692898,0.19193858,0.19193858,26.793
46,E06000049,46,E06000049,Cheshire East,Cheshire East,263175,198034,384152,45.9,93.65079365,2.91005291,0.529100529,1.587301587,0.529100529,0.793650794,14.475
47,E06000050,47,E06000050,Cheshire West and Chester,Cheshire West and Chester,225533,168439,343071,44.2,93.45238095,3.571428571,0.595238095,1.488095238,0.297619048,0.595238095,18.083
48,E06000051,48,E06000051,Shropshire,Shropshire,216120,172474,323136,47,93.65079365,3.80952381,0.634920635,1.26984127,0.317460317,0.317460317,17.153
49,E06000052,49,E06000052,Cornwall,Cornwall,377603,298807,569578,46.9,93.87387387,4.504504505,0.720720721,0.36036036,0.18018018,0.36036036,23.072
50,E06000053,50,E06000053,Isles of Scilly,Isles of Scilly,1641,1522,2224,47.4,100,0,0,0,0,0,12.005
51,E06000054,51,E06000054,Wiltshire,Wiltshire,328653,250403,500024,44.3,92.27642276,3.048780488,1.016260163,2.032520325,0.81300813,0.81300813,13.447
52,E06000055,52,E06000055,Bedford,Bedford,113670,77025,173292,40.2,73.80952381,9.523809524,4.166666667,6.547619048,4.166666667,1.785714286,18.932
53,E06000056,53,E06000056,Central Bedfordshire,Central Bedfordshire,185010,134108,288648,41.3,88.48920863,3.597122302,2.158273381,2.877697842,2.158273381,0.71942446,12.152
54,E06000057,54,E06000057,Northumberland,Northumberland,228736,172489,322434,47.7,98.11320755,0.943396226,0.314465409,0.628930818,0,0,22.079
55,E06000058,55,E06000058,"Bournemouth, Christchurch and Poole","Bournemouth, Christchurch and Poole",251591,204861,395331,42.7,81.95876289,11.34020619,1.546391753,2.577319588,1.030927835,1.546391753,18.173
56,E06000059,56,E06000059,Dorset,Dorset,275333,227378,378508,51,95.02369668,3.08056872,0.236966825,0.947867299,0.236966825,0.473933649,15.735
57,E06000060,57,E06000060,Buckinghamshire,Buckinghamshire,345105,248966,543973,42.2,80.8988764,5.43071161,2.996254682,7.677902622,1.872659176,1.123595506,10.052
58,E07000004,315,E07000004,Aylesbury Vale,Aylesbury Vale,345105,248966,543973,42.2,80.8988764,5.43071161,2.996254682,7.677902622,1.872659176,1.123595506,10.052
59,E07000005,316,E07000005,Chiltern,Chiltern,345105,248966,543973,42.2,80.8988764,5.43071161,2.996254682,7.677902622,1.872659176,1.123595506,10.052
60,E07000006,317,E07000006,South Bucks,South Bucks,345105,248966,543973,42.2,80.8988764,5.43071161,2.996254682,7.677902622,1.872659176,1.123595506,10.052
61,E07000007,318,E07000007,Wycombe,Wycombe,345105,248966,543973,42.2,80.8988764,5.43071161,2.996254682,7.677902622,1.872659176,1.123595506,10.052
62,E07000008,58,E10000003,Cambridgeshire,Cambridge,77123,48434,124798,31,68.8,15.2,3.2,9.6,1.6,1.6,14.855
63,E07000009,59,E10000003,Cambridgeshire,East Cambridgeshire,60193,44888,89840,42.8,94.31818182,4.545454545,1.136363636,0,0,0,11.507
64,E07000010,60,E10000003,Cambridgeshire,Fenland,66267,51025,101850,44.7,92,5,2,1,0,0,25.426
65,E07000011,61,E10000003,Cambridgeshire,Huntingdonshire,121625,88482,177963,43.1,89.20454545,6.25,1.704545455,2.272727273,0.568181818,0,12.55
66,E07000012,62,E10000003,Cambridgeshire,South Cambridgeshire,106964,77907,159086,42.7,83.33333333,9.615384615,2.564102564,3.846153846,0,0.641025641,8.496
67,E07000026,63,E10000006,Cumbria,Allerdale,72724,56159,97761,47.5,98.96907216,1.030927835,0,0,0,0,22.938
68,E07000027,64,E10000006,Cumbria,Barrow-in-Furness,44607,33169,67049,44.9,95.52238806,1.492537313,0,1.492537313,1.492537313,0,31.117
69,E07000028,65,E10000006,Cumbria,Carlisle,71367,53280,108678,44.5,95.37037037,3.703703704,0,0.925925926,0,0,21.997
70,E07000029,66,E10000006,Cumbria,Copeland,48670,33448,68183,46.4,98.55072464,1.449275362,0,0,0,0,25.012
71,E07000030,67,E10000006,Cumbria,Eden,38405,27659,53253,49.8,98.11320755,1.886792453,0,0,0,0,16.328
72,E07000031,68,E10000006,Cumbria,South Lakeland,74160,57941,105088,50.5,97.08737864,0.970873786,0,1.941747573,0,0,12.501
73,E07000032,69,E10000007,Derbyshire,Amber Valley,86624,70647,128147,45.7,97.6,0.8,0,1.6,0,0,17.97
74,E07000033,70,E10000007,Derbyshire,Bolsover,53427,42013,80562,43.8,98.71794872,1.282051282,0,0,0,0,25.047
75,E07000034,71,E10000007,Derbyshire,Chesterfield,73271,57518,104900,44.3,95.19230769,1.923076923,0,1.923076923,0.961538462,0,24.926
76,E07000035,72,E10000007,Derbyshire,Derbyshire Dales,52428,41959,72325,50.2,98.5915493,1.408450704,0,0,0,0,11.895
77,E07000036,73,E10000007,Derbyshire,Erewash,74639,57396,115371,43.5,97.36842105,0.877192982,0.877192982,0,0,0.877192982,18.818
78,E07000037,74,E10000007,Derbyshire,High Peak,63365,49370,92666,45.5,94.56521739,2.173913043,1.086956522,2.173913043,0,0,15.642
79,E07000038,75,E10000007,Derbyshire,North East Derbyshire,73520,58643,101462,47.3,99,0,0,1,0,0,17.399
80,E07000039,76,E10000007,Derbyshire,South Derbyshire,72442,56155,107261,42.2,96.03960396,0.99009901,0,1.98019802,0,0.99009901,14.494
81,E07000040,77,E10000008,Devon,East Devon,103651,83656,146284,50.7,96.4028777,2.158273381,0,1.438848921,0,0,12.764
82,E07000041,78,E10000008,Devon,Exeter,74177,54395,131405,33.9,81.88976378,7.874015748,1.57480315,6.299212598,0.787401575,1.57480315,16.215
83,E07000042,79,E10000008,Devon,Mid Devon,54601,42216,82311,46.4,96.20253165,2.53164557,0,0,0,1.265822785,16.928
84,E07000043,80,E10000008,Devon,North Devon,67727,52794,97145,47.3,98.93617021,1.063829787,0,0,0,0,20.559
85,E07000044,81,E10000008,Devon,South Hams,61615,49103,87004,50.9,94.11764706,3.529411765,1.176470588,1.176470588,0,0,13.724
86,E07000045,82,E10000008,Devon,Teignbridge,96077,74502,134163,48.9,95.38461538,3.076923077,0.769230769,0.769230769,0,0,15.893
87,E07000046,83,E10000008,Devon,Torridge,47365,38565,68267,49.7,100,0,0,0,0,0,23.269
88,E07000047,84,E10000008,Devon,West Devon,40062,32433,55796,50.4,90.90909091,5.454545455,3.636363636,0,0,0,18.052
89,E07000061,85,E10000011,East Sussex,Eastbourne,67893,54626,103745,45.3,88.34951456,7.766990291,0.970873786,0.970873786,0,1.941747573,22.11
90,E07000062,86,E10000011,East Sussex,Hastings,55670,40514,92661,42.6,92.47311828,4.301075269,1.075268817,0,2.150537634,0,34.281
91,E07000063,87,E10000011,East Sussex,Lewes,69308,54289,103268,47.4,93.06930693,2.97029703,0.99009901,1.98019802,0,0.99009901,15.758
92,E07000064,88,E10000011,East Sussex,Rother,66675,54663,96080,52.5,95.74468085,2.127659574,1.063829787,1.063829787,0,0,19.768
93,E07000065,89,E10000011,East Sussex,Wealden,108696,85625,161475,48.6,94.30379747,3.164556962,0.632911392,1.898734177,0,0,12.311
94,E07000066,90,E10000012,Essex,Basildon,115403,81857,187199,39.4,85.32608696,3.804347826,1.630434783,5.434782609,3.260869565,0.543478261,23.243
95,E07000067,91,E10000012,Essex,Braintree,97773,70723,152604,43.2,96.02649007,1.324503311,0,1.324503311,0.662251656,0.662251656,14.723
96,E07000068,92,E10000012,Essex,Brentwood,49901,34966,77021,43.4,89.61038961,2.597402597,1.298701299,3.896103896,0,2.597402597,10.007
97,E07000069,93,E10000012,Essex,Castle Point,60380,47722,90376,46.8,98.88888889,1.111111111,0,0,0,0,16.842
98,E07000070,94,E10000012,Essex,Chelmsford,115765,81104,178388,41.5,86.85714286,3.428571429,1.142857143,4,2.857142857,1.714285714,12.221
99,E07000071,95,E10000012,Essex,Colchester,116474,83587,194706,38,86.70212766,4.255319149,1.595744681,2.659574468,2.659574468,2.127659574,16.778
100,E07000072,96,E10000012,Essex,Epping Forest,80993,58643,131689,42.7,84.61538462,4.615384615,3.076923077,3.846153846,2.307692308,1.538461538,15.068
101,E07000073,97,E10000012,Essex,Harlow,50685,36040,87067,37.4,77.64705882,7.058823529,2.352941176,5.882352941,5.882352941,1.176470588,21.413
102,E07000074,98,E10000012,Essex,Maldon,44696,34663,64926,48.4,96.82539683,3.174603175,0,0,0,0,14.169
103,E07000075,99,E10000012,Essex,Rochford,59011,44957,87368,45.9,97.6744186,2.325581395,0,0,0,0,10.449
104,E07000076,100,E10000012,Essex,Tendring,103528,84433,146561,50.3,95.1048951,2.797202797,1.398601399,0.699300699,0,0,30.484
105,E07000077,101,E10000012,Essex,Uttlesford,60348,43813,91284,43.9,90.8045977,4.597701149,2.298850575,0,1.149425287,1.149425287,9.258
106,E07000078,102,E10000013,Gloucestershire,Cheltenham,79624,54435,116306,40,86.44067797,5.93220339,0.847457627,5.084745763,0,1.694915254,14.26
107,E07000079,103,E10000013,Gloucestershire,Cotswold,64727,50842,89862,48.6,96.47058824,3.529411765,0,0,0,0,11.061
108,E07000080,104,E10000013,Gloucestershire,Forest of Dean,53888,44255,86791,47.8,98.82352941,1.176470588,0,0,0,0,18.013
109,E07000081,105,E10000013,Gloucestershire,Gloucester,80753,61007,129128,38.6,85.9375,4.6875,2.34375,2.34375,3.90625,0.78125,21.807
110,E07000082,106,E10000013,Gloucestershire,Stroud,81517,66280,119964,46.1,96.58119658,1.709401709,0.854700855,0.854700855,0,0,10.797
111,E07000083,107,E10000013,Gloucestershire,Tewkesbury,65956,48754,95019,44.9,92.04545455,2.272727273,1.136363636,3.409090909,0,1.136363636,12.142
112,E07000084,108,E10000014,Hampshire,Basingstoke and Deane,114939,82488,176582,40.8,83.52272727,3.977272727,2.840909091,7.386363636,1.136363636,1.136363636,12.823
113,E07000085,109,E10000014,Hampshire,East Hampshire,85228,67278,122308,46.7,92.37288136,3.389830508,1.694915254,0.847457627,0.847457627,0.847457627,10.284
114,E07000086,110,E10000014,Hampshire,Eastleigh,86492,63825,133584,42.2,93.07692308,2.307692308,0.769230769,3.076923077,0,0.769230769,10.192
115,E07000087,111,E10000014,Hampshire,Fareham,80618,64251,116233,46,99.13793103,0.862068966,0,0,0,0,9.019
116,E07000088,112,E10000014,Hampshire,Gosport,52329,41542,84838,42,95.29411765,1.176470588,1.176470588,2.352941176,0,0,20.541
117,E07000089,113,E10000014,Hampshire,Hart,68870,49620,97073,43.3,87.36842105,3.157894737,2.105263158,3.157894737,1.052631579,3.157894737,5.544
118,E07000090,114,E10000014,Hampshire,Havant,83806,69500,126220,45.7,95.16129032,1.612903226,1.612903226,1.612903226,0,0,21.806
119,E07000091,115,E10000014,Hampshire,New Forest,129363,104395,180086,50,96.08938547,1.675977654,0.558659218,1.117318436,0.558659218,0,13.015
120,E07000092,116,E10000014,Hampshire,Rushmoor,63495,42501,94599,37.9,83.15789474,5.263157895,1.052631579,7.368421053,1.052631579,2.105263158,15.903
121,E07000093,117,E10000014,Hampshire,Test Valley,85265,62123,126160,44.7,95.08196721,2.459016393,0,2.459016393,0,0,11.931
122,E07000094,118,E10000014,Hampshire,Winchester,83321,62051,124859,43,91.8699187,2.43902439,3.25203252,1.62601626,0,0.81300813,9.615
123,E07000095,119,E10000015,Hertfordshire,Broxbourne,57511,41954,97279,40.2,81.44329897,6.18556701,2.06185567,4.12371134,6.18556701,0,17.989
124,E07000096,120,E10000015,Hertfordshire,Dacorum,95160,68497,154763,40.6,88.15789474,3.947368421,1.973684211,3.947368421,1.973684211,0,13.004
125,E07000098,121,E10000015,Hertfordshire,Hertsmere,67852,51714,104919,40.6,77.66990291,6.796116505,2.912621359,7.766990291,2.912621359,1.941747573,13.938
126,E07000099,122,E10000015,Hertfordshire,North Hertfordshire,87059,61984,133570,41.9,87.31343284,2.23880597,0.746268657,6.71641791,2.23880597,0.746268657,11.627
127,E07000102,123,E10000015,Hertfordshire,Three Rivers,61149,44124,93323,41.7,81.72043011,7.52688172,1.075268817,8.602150538,1.075268817,0,9.871
128,E07000103,124,E10000015,Hertfordshire,Watford,59148,40402,96577,36.4,58.7628866,12.37113402,4.12371134,19.58762887,4.12371134,1.030927835,15.41
129,E07000105,125,E10000016,Kent,Ashford,81284,59621,130032,41.9,84.92063492,3.968253968,1.587301587,5.555555556,1.587301587,2.380952381,18.546
130,E07000106,126,E10000016,Kent,Canterbury,96562,73974,165394,37.7,85.80246914,5.555555556,2.469135802,3.086419753,1.234567901,1.851851852,16.798
131,E07000107,127,E10000016,Kent,Dartford,64305,44362,112606,37.4,84.90566038,7.547169811,1.886792453,2.830188679,2.830188679,0,18.812
132,E07000108,128,E10000016,Kent,Dover,77328,59851,118131,46.2,94.73684211,2.631578947,0,1.754385965,0,0.877192982,22.161
133,E07000109,129,E10000016,Kent,Gravesham,61291,46814,106939,39.4,72.38095238,7.619047619,0,12.38095238,7.619047619,0,21.414
134,E07000110,130,E10000016,Kent,Maidstone,105982,77397,171826,41.5,86.06060606,4.848484848,1.818181818,4.848484848,1.818181818,0.606060606,16.503
135,E07000111,131,E10000016,Kent,Sevenoaks,76656,56352,120750,44,94.91525424,4.237288136,0,0.847457627,0,0,12.437
136,E07000112,132,E10000016,Kent,Folkestone and Hythe,74623,59605,112996,46.6,92.79279279,1.801801802,0,4.504504505,0,0.900900901,24.149
137,E07000113,133,E10000016,Kent,Swale,90698,66386,150082,41.4,93.79310345,4.137931034,0.689655172,0,0.689655172,0.689655172,27.076
138,E07000114,134,E10000016,Kent,Thanet,93596,73823,141922,44.6,88.65248227,3.546099291,0.709219858,1.418439716,1.418439716,4.255319149,31.314
139,E07000115,135,E10000016,Kent,Tonbridge and Malling,82442,61233,132153,42.3,92.91338583,3.149606299,1.57480315,1.57480315,0,0.787401575,13.333
140,E07000116,136,E10000016,Kent,Tunbridge Wells,72592,53288,118724,42.6,88.98305085,4.237288136,1.694915254,4.237288136,0.847457627,0,11.31
141,E07000117,137,E10000017,Lancashire,Burnley,53914,35596,88920,40.1,90.8045977,3.448275862,0,5.747126437,0,0,37.793
142,E07000118,138,E10000017,Lancashire,Chorley,77618,58563,118216,43.2,94.69026549,3.539823009,0.884955752,0,0.884955752,0,16.863
143,E07000119,139,E10000017,Lancashire,Fylde,58061,47817,80780,49.8,96.15384615,2.564102564,0,0,1.282051282,0,15.875
144,E07000120,140,E10000017,Lancashire,Hyndburn,47507,32960,81043,39.9,82.27848101,3.797468354,0,12.65822785,0,1.265822785,34.333
145,E07000121,141,E10000017,Lancashire,Lancaster,94118,73523,146038,40,90.14084507,5.633802817,0.704225352,2.816901408,0,0.704225352,24.165
146,E07000122,142,E10000017,Lancashire,Pendle,55586,35980,92112,39.7,80,1.111111111,1.111111111,16.66666667,0,1.111111111,30.723
147,E07000123,143,E10000017,Lancashire,Preston,90324,64866,143135,35.2,75.88652482,4.964539007,2.127659574,14.89361702,2.127659574,0,29.531
148,E07000124,144,E10000017,Lancashire,Ribble Valley,43865,32772,60888,47.5,100,0,0,0,0,0,10.594
149,E07000125,145,E10000017,Lancashire,Rossendale,44372,32029,71482,42.5,97.10144928,1.449275362,0,1.449275362,0,0,24.062
150,E07000126,146,E10000017,Lancashire,South Ribble,76071,58425,110788,44.1,95.4954955,0.900900901,0.900900901,0.900900901,0,1.801801802,15.33
151,E07000127,147,E10000017,Lancashire,West Lancashire,75670,60764,114306,44.3,94.64285714,2.678571429,0,2.678571429,0,0,18.645
152,E07000128,148,E10000017,Lancashire,Wyre,78163,66712,112091,49.2,99.08256881,0,0.917431193,0,0,0,20.858
153,E07000129,149,E10000018,Leicestershire,Blaby,69076,53426,101526,43.1,85.56701031,4.12371134,3.092783505,6.18556701,0,1.030927835,10.629
154,E07000130,150,E10000018,Leicestershire,Charnwood,113937,86118,185851,38.5,84.18079096,5.649717514,2.259887006,6.779661017,0,1.129943503,13.238
155,E07000131,151,E10000018,Leicestershire,Harborough,64690,51271,93807,45.8,92.22222222,4.444444444,2.222222222,1.111111111,0,0,8.015
156,E07000132,152,E10000018,Leicestershire,Hinckley and Bosworth,74735,58303,113136,45,95.41284404,1.834862385,0,2.752293578,0,0,13.461
157,E07000133,153,E10000018,Leicestershire,Melton,34622,27816,51209,46.8,94,4,2,0,0,0,12.532
158,E07000134,154,E10000018,Leicestershire,North West Leicestershire,67270,51712,103611,43.9,90.81632653,5.102040816,1.020408163,2.040816327,1.020408163,0,14.573
159,E07000135,155,E10000018,Leicestershire,Oadby and Wigston,38298,29007,57015,42.7,69.09090909,3.636363636,0,25.45454545,1.818181818,0,12.958
160,E07000136,156,E10000019,Lincolnshire,Boston,41300,32602,70173,42,83.58208955,14.92537313,0,1.492537313,0,0,22.967
161,E07000137,157,E10000019,Lincolnshire,East Lindsey,102863,84919,141727,51.6,94.24460432,4.316546763,0,1.438848921,0,0,29.892
162,E07000138,158,E10000019,Lincolnshire,Lincoln,53998,40139,99299,33.6,85.71428571,7.142857143,2.040816327,3.06122449,0,2.040816327,26.889
163,E07000139,159,E10000019,Lincolnshire,North Kesteven,81680,63296,116915,46,97.34513274,1.769911504,0,0.884955752,0,0,11.553
164,E07000140,160,E10000019,Lincolnshire,South Holland,60348,48308,95019,46,83.87096774,15.05376344,1.075268817,0,0,0,17.896
165,E07000141,161,E10000019,Lincolnshire,South Kesteven,97360,74201,142424,45.7,92.14285714,4.285714286,0.714285714,2.142857143,0.714285714,0,13.499
166,E07000142,162,E10000019,Lincolnshire,West Lindsey,65702,53385,95667,47.6,97.87234043,1.063829787,0,1.063829787,0,0,20.355
167,E07000143,163,E10000020,Norfolk,Breckland,94411,75127,139968,46.1,89.70588235,8.823529412,0,0.735294118,0,0.735294118,19.614
168,E07000144,164,E10000020,Norfolk,Broadland,92761,72372,130783,47.8,97.63779528,0.787401575,0,1.57480315,0,0,11.817
169,E07000145,165,E10000020,Norfolk,Great Yarmouth,67667,52673,99336,45.3,87.87878788,7.070707071,1.01010101,2.02020202,0,2.02020202,33.097
170,E07000146,166,E10000020,Norfolk,King's Lynn and West Norfolk,102651,80601,151383,47,90.06622517,7.947019868,0,0.662251656,1.324503311,0,23.72
171,E07000147,167,E10000020,Norfolk,North Norfolk,75830,62722,104837,53.5,98.05825243,1.941747573,0,0,0,0,21.058
172,E07000148,168,E10000020,Norfolk,Norwich,82699,58598,140573,33.5,82.01438849,7.194244604,0,6.474820144,2.877697842,1.438848921,27.599
173,E07000149,169,E10000020,Norfolk,South Norfolk,98120,75722,140880,46.2,90.22556391,4.511278195,2.255639098,3.007518797,0,0,13.318
174,E07000150,170,E10000021,Northamptonshire,Corby,38450,27205,72218,37.3,82.08955224,17.91044776,0,0,0,0,25.706
175,E07000151,171,E10000021,Northamptonshire,Daventry,58107,43953,85950,45.3,91.35802469,4.938271605,2.469135802,1.234567901,0,0,13.184
176,E07000152,172,E10000021,Northamptonshire,East Northamptonshire,61102,43958,94527,44.2,90.2173913,5.434782609,1.086956522,2.173913043,1.086956522,0,13.897
177,E07000153,173,E10000021,Northamptonshire,Kettering,64979,46653,101776,41.2,87.87878788,5.050505051,3.03030303,2.02020202,2.02020202,0,19.23
178,E07000154,174,E10000021,Northamptonshire,Northampton,129465,90582,224610,36.9,76.88888889,12,1.333333333,3.555555556,5.333333333,0.888888889,23.358
179,E07000155,175,E10000021,Northamptonshire,South Northamptonshire,64844,46484,94490,45.1,97.72727273,2.272727273,0,0,0,0,7.652
180,E07000156,176,E10000021,Northamptonshire,Wellingborough,49793,35353,79707,41.8,84.81012658,5.063291139,2.53164557,6.329113924,1.265822785,0,21.676
181,E07000163,177,E10000023,North Yorkshire,Craven,42369,32891,57142,49.7,96.42857143,3.571428571,0,0,0,0,12.76
182,E07000164,178,E10000023,North Yorkshire,Hambleton,63854,54032,91594,49,98.9010989,1.098901099,0,0,0,0,11.987
183,E07000165,179,E10000023,North Yorkshire,Harrogate,111618,92797,160831,46.6,90.0621118,5.590062112,0.621118012,1.863354037,0.621118012,1.242236025,10.897
184,E07000166,180,E10000023,North Yorkshire,Richmondshire,33009,23546,53730,43,98.14814815,0,0,1.851851852,0,0,12.135
185,E07000167,181,E10000023,North Yorkshire,Ryedale,39026,31499,55380,49.8,100,0,0,0,0,0,15.665
186,E07000168,182,E10000023,North Yorkshire,Scarborough,78413,64229,108757,49.3,95.41284404,2.752293578,0.917431193,0.917431193,0,0,26.28
187,E07000169,183,E10000023,North Yorkshire,Selby,62825,45551,90620,44.5,96.51162791,2.325581395,0,1.162790698,0,0,12.73
188,E07000170,184,E10000024,Nottinghamshire,Ashfield,80734,64462,127918,42.1,99.19354839,0.806451613,0,0,0,0,26.308
189,E07000171,185,E10000024,Nottinghamshire,Bassetlaw,79639,64194,117459,45.3,94.73684211,3.50877193,0,1.754385965,0,0,22.588
190,E07000172,186,E10000024,Nottinghamshire,Broxtowe,73687,56820,114033,43.2,90.99099099,2.702702703,0.900900901,4.504504505,0.900900901,0,14.238
191,E07000173,187,E10000024,Nottinghamshire,Gedling,77683,61898,117896,43.9,87.06896552,4.310344828,0.862068966,3.448275862,3.448275862,0.862068966,14.894
192,E07000174,188,E10000024,Nottinghamshire,Mansfield,70001,55844,109313,41.9,91.66666667,4.62962963,0,1.851851852,0.925925926,0.925925926,28.503
193,E07000175,189,E10000024,Nottinghamshire,Newark and Sherwood,81238,64699,122421,44.9,89.83050847,6.779661017,0.847457627,1.694915254,0.847457627,0,19.227
194,E07000176,190,E10000024,Nottinghamshire,Rushcliffe,79884,62782,119184,44,93.85964912,2.631578947,0,3.50877193,0,0,7.18
195,E07000177,191,E10000025,Oxfordshire,Cherwell,99770,70768,150503,41,85.03401361,7.482993197,1.360544218,3.401360544,2.721088435,0,14.41
196,E07000178,192,E10000025,Oxfordshire,Oxford,84690,56493,152457,29.7,64.51612903,12.90322581,3.225806452,11.61290323,3.225806452,4.516129032,16.707
197,E07000179,193,E10000025,Oxfordshire,South Oxfordshire,99466,70491,142057,44.1,89.92805755,6.474820144,1.438848921,1.438848921,0,0.71942446,8.459
198,E07000180,194,E10000025,Oxfordshire,Vale of White Horse,89904,62758,136007,42.7,83.07692308,6.923076923,2.307692308,2.307692308,3.076923077,2.307692308,8.358
199,E07000181,195,E10000025,Oxfordshire,West Oxfordshire,74775,55652,110643,44.2,92.66055046,4.587155963,0.917431193,0.917431193,0,0.917431193,8.684
200,E07000187,196,E10000027,Somerset,Mendip,77946,61761,115587,46.3,92.03539823,3.539823009,2.654867257,1.769911504,0,0,16.6
201,E07000188,197,E10000027,Somerset,Sedgemoor,82121,63587,123178,46.2,94.26229508,4.098360656,0.819672131,0,0.819672131,0,21.306
202,E07000189,198,E10000027,Somerset,South Somerset,116815,92918,168345,46.9,94.57831325,3.614457831,0.602409639,0.602409639,0,0.602409639,17.347
203,E07000192,199,E10000028,Staffordshire,Cannock Chase,65247,51204,100762,42.6,97.93814433,1.030927835,0,1.030927835,0,0,20.426
204,E07000193,200,E10000028,Staffordshire,East Staffordshire,75038,58702,119754,42.1,87.93103448,6.034482759,0,6.034482759,0,0,19.028
205,E07000194,201,E10000028,Staffordshire,Lichfield,70760,56750,104756,46.1,94.17475728,1.941747573,0.970873786,2.912621359,0,0,12.566
206,E07000195,202,E10000028,Staffordshire,Newcastle-under-Lyme,81909,63463,129441,41.9,94.53125,1.5625,0.78125,1.5625,0.78125,0.78125,18.929
207,E07000196,203,E10000028,Staffordshire,South Staffordshire,77585,63766,112436,47.5,93.75,1.785714286,0,3.571428571,0.892857143,0,13.124
208,E07000197,204,E10000028,Staffordshire,Stafford,92701,75111,137280,45.1,91.11111111,2.222222222,0.740740741,2.222222222,1.481481481,2.222222222,13.678
209,E07000198,205,E10000028,Staffordshire,Staffordshire Moorlands,68443,54473,98435,47.8,97.93814433,1.030927835,1.030927835,0,0,0,15.04
210,E07000199,206,E10000028,Staffordshire,Tamworth,47945,36423,76696,41.2,96.1038961,2.597402597,1.298701299,0,0,0,21.061
211,E07000200,207,E10000029,Suffolk,Babergh,64227,50851,92036,48.1,95.50561798,2.247191011,0,2.247191011,0,0,14.267
212,E07000202,208,E10000029,Suffolk,Ipswich,84538,61770,136913,37.5,77.53623188,7.971014493,5.072463768,3.623188406,5.072463768,0.724637681,25.89
213,E07000203,209,E10000029,Suffolk,Mid Suffolk,71911,58394,103895,47.2,98,1,1,0,0,0,13.225
214,E07000207,210,E10000030,Surrey,Elmbridge,92610,61027,136795,42.3,76.64233577,13.86861314,2.189781022,3.649635036,0.729927007,2.919708029,7.944
215,E07000208,211,E10000030,Surrey,Epsom and Ewell,51561,35848,80627,41.4,80.76923077,11.53846154,0,5.128205128,0,2.564102564,8.833
216,E07000209,212,E10000030,Surrey,Guildford,89426,62338,148998,37.5,89.65517241,3.448275862,1.379310345,3.448275862,0.689655172,1.379310345,9.395
217,E07000210,213,E10000030,Surrey,Mole Valley,59708,44902,87245,46.7,91.86046512,2.325581395,0,5.813953488,0,0,9.511
218,E07000211,214,E10000030,Surrey,Reigate and Banstead,95998,67539,148748,41.3,83.44827586,4.827586207,2.75862069,5.517241379,1.379310345,2.068965517,11.276
219,E07000212,215,E10000030,Surrey,Runnymede,53981,36846,89424,38.4,79.06976744,11.62790698,2.325581395,4.651162791,2.325581395,0,12.012
220,E07000213,216,E10000030,Surrey,Spelthorne,66024,44262,99844,41.6,75.51020408,9.183673469,4.081632653,9.183673469,1.020408163,1.020408163,14.943
221,E07000214,217,E10000030,Surrey,Surrey Heath,61357,44263,89305,43.5,87.5,4.545454545,0,6.818181818,1.136363636,0,8.066
222,E07000215,218,E10000030,Surrey,Tandridge,58690,43086,88129,44.1,90.8045977,4.597701149,3.448275862,1.149425287,0,0,11.896
223,E07000216,219,E10000030,Surrey,Waverley,86357,63827,126328,44.4,89.43089431,5.691056911,1.62601626,1.62601626,0,1.62601626,7.494
224,E07000217,220,E10000030,Surrey,Woking,65252,42434,100793,40.5,77.22772277,7.920792079,1.98019802,10.89108911,0.99009901,0.99009901,10.804
225,E07000218,221,E10000031,Warwickshire,North Warwickshire,43963,34105,65264,45.7,96.77419355,1.612903226,1.612903226,0,0,0,17.907
226,E07000219,222,E10000031,Warwickshire,Nuneaton and Bedworth,81920,61882,129883,41.5,85.82677165,1.57480315,0.787401575,10.23622047,0.787401575,0.787401575,23.54
227,E07000220,223,E10000031,Warwickshire,Rugby,66673,48963,108935,41.4,80.95238095,8.571428571,1.904761905,4.761904762,1.904761905,1.904761905,14.119
228,E07000221,224,E10000031,Warwickshire,Stratford-on-Avon,94722,72854,130098,48.1,91.93548387,3.225806452,1.612903226,1.612903226,0.806451613,0.806451613,11.728
229,E07000222,225,E10000031,Warwickshire,Warwick,93354,68994,143753,40.2,84.17266187,4.316546763,0.71942446,8.633093525,0.71942446,1.438848921,12.005
230,E07000223,226,E10000032,West Sussex,Adur,43955,33795,64301,45.3,93.75,4.6875,1.5625,0,0,0,17.594
231,E07000224,227,E10000032,West Sussex,Arun,110008,86499,160758,49.1,94.23076923,5.128205128,0,0.641025641,0,0,18.638
232,E07000225,228,E10000032,West Sussex,Chichester,83540,67322,121129,48.4,91.59663866,4.201680672,0,4.201680672,0,0,14.085
233,E07000226,229,E10000032,West Sussex,Crawley,67191,47098,112409,36.9,73.87387387,9.009009009,2.702702703,10.81081081,2.702702703,0.900900901,18.94
234,E07000227,230,E10000032,West Sussex,Horsham,101636,76372,143791,46.1,90.57971014,3.623188406,0.724637681,4.347826087,0,0.724637681,9.89
235,E07000228,231,E10000032,West Sussex,Mid Sussex,98637,72415,151022,43.5,89.7260274,4.794520548,2.739726027,2.054794521,0,0.684931507,7.747
236,E07000229,232,E10000032,West Sussex,Worthing,74457,56451,110570,44.6,88.99082569,1.834862385,1.834862385,5.504587156,0,1.834862385,17.012
237,E07000234,233,E10000034,Worcestershire,Bromsgrove,67771,53531,99881,45.6,94.79166667,1.041666667,2.083333333,0,2.083333333,0,11.697
238,E07000235,234,E10000034,Worcestershire,Malvern Hills,56282,45541,78698,50.2,94.73684211,2.631578947,1.315789474,1.315789474,0,0,16.066
239,E07000236,235,E10000034,Worcestershire,Redditch,52197,38850,85261,39.9,82.14285714,8.333333333,1.19047619,7.142857143,1.19047619,0,22.524
240,E07000237,236,E10000034,Worcestershire,Worcester,62500,46580,101222,38.1,89.21568627,4.901960784,0.980392157,3.921568627,0.980392157,0,20.414
241,E07000238,237,E10000034,Worcestershire,Wychavon,90245,72793,129433,47.8,94.30894309,3.25203252,0.81300813,1.62601626,0,0,15.766
242,E07000239,238,E10000034,Worcestershire,Wyre Forest,69977,54774,101291,46.2,94.94949495,1.01010101,2.02020202,2.02020202,0,0,22.437
243,E07000240,239,E10000015,Hertfordshire,St Albans,95075,64696,148452,40.6,84.3537415,5.442176871,2.040816327,6.802721088,1.360544218,0,8.339
244,E07000241,240,E10000015,Hertfordshire,Welwyn Hatfield,66476,48061,123043,35.3,68.85245902,11.47540984,2.459016393,11.47540984,3.278688525,2.459016393,14.215
245,E07000242,241,E10000015,Hertfordshire,East Hertfordshire,96794,69613,149748,42.4,89.04109589,6.164383562,1.369863014,2.054794521,1.369863014,0,8.188
246,E07000243,242,E10000015,Hertfordshire,Stevenage,54046,39698,87845,38,81.81818182,5.681818182,1.136363636,5.681818182,3.409090909,2.272727273,19.695
247,E07000244,243,E10000029,Suffolk,East Suffolk,180407,140364,249461,49.3,88.94806924,5.592543276,1.464713715,1.864181092,1.331557923,0.798934754,19.56
248,E07000245,244,E10000029,Suffolk,West Suffolk,108343,84211,179045,41.3,88.94806924,5.592543276,1.464713715,1.864181092,1.331557923,0.798934754,16.245
249,E07000246,245,E10000027,Somerset,Somerset West and Taunton,106195,86351,155115,47.9,100,0,0,0,0,0,19.142
250,E08000001,246,E08000001,Bolton,Bolton,182683,125823,287550,38.8,77.11267606,3.521126761,1.408450704,13.02816901,2.816901408,2.112676056,30.691
251,E08000002,247,E08000002,Bury,Bury,120340,86395,190990,40.4,85.10638298,3.191489362,1.595744681,7.446808511,1.595744681,1.063829787,23.682
252,E08000003,248,E08000003,Manchester,Manchester,282928,166356,552858,30,57.6427256,6.445672192,4.051565378,18.04788214,9.944751381,3.867403315,40.005
253,E08000004,249,E08000004,Oldham,Oldham,133399,96089,237110,37.1,70.68965517,2.586206897,1.724137931,21.98275862,2.155172414,0.862068966,33.155
254,E08000005,250,E08000005,Rochdale,Rochdale,131681,89753,222412,38,75.57603687,3.225806452,0.921658986,16.58986175,1.843317972,1.843317972,34.415
255,E08000006,251,E08000006,Salford,Salford,141507,95888,258834,35,81.0483871,7.661290323,1.612903226,3.629032258,4.838709677,1.209677419,34.21
256,E08000007,252,E08000007,Stockport,Stockport,193823,140988,293423,42.6,88.3161512,3.092783505,1.030927835,4.810996564,1.030927835,1.718213058,20.826
257,E08000008,253,E08000008,Tameside,Tameside,141134,100524,226493,40.4,85.71428571,3.571428571,1.785714286,6.25,2.232142857,0.446428571,31.374
258,E08000009,254,E08000009,Trafford,Trafford,148677,106053,237354,40.5,78.63247863,4.273504274,2.564102564,9.829059829,2.991452991,1.709401709,16.088
259,E08000010,255,E08000010,Wigan,Wigan,207318,150652,328662,42.2,94.73684211,2.167182663,0.92879257,1.238390093,0.309597523,0.619195046,25.713
260,E08000011,256,E08000011,Knowsley,Knowsley,90299,69218,150862,40,95.27027027,2.027027027,1.351351351,0.675675676,0.675675676,0,43.006
261,E08000012,257,E08000012,Liverpool,Liverpool,268757,194239,498042,34.8,82.75154004,4.106776181,1.848049281,5.544147844,2.874743326,2.874743326,42.412
262,E08000013,258,E08000013,St. Helens,St. Helens,118807,92548,180585,43.1,96.62921348,1.685393258,0.561797753,0.561797753,0,0.561797753,31.518
263,E08000014,259,E08000014,Sefton,Sefton,179848,142817,276410,46.2,94.90909091,2.181818182,0.727272727,1.454545455,0,0.727272727,27.035
264,E08000015,260,E08000015,Wirral,Wirral,210490,163006,324011,44.2,94.40993789,2.173913043,0.931677019,1.552795031,0.310559006,0.621118012,29.589
265,E08000016,261,E08000016,Barnsley,Barnsley,159162,117553,246866,42.5,95.85062241,2.074688797,0.414937759,0.829875519,0.414937759,0.414937759,29.933
266,E08000017,262,E08000017,Doncaster,Doncaster,197578,147322,311890,41.3,89.32038835,5.177993528,1.294498382,2.265372168,0.970873786,0.970873786,30.289
267,E08000018,263,E08000018,Rotherham,Rotherham,174781,134055,265411,42.2,91.63498099,1.140684411,0.380228137,4.182509506,1.140684411,1.520912548,29.55
268,E08000019,264,E08000019,Sheffield,Sheffield,338531,236443,584853,35.6,80.83623693,2.264808362,3.484320557,6.271777003,4.006968641,3.135888502,27.06
269,E08000021,265,E08000021,Newcastle upon Tyne,Newcastle upon Tyne,161388,110551,302820,32.7,81.97278912,3.06122449,0.680272109,9.523809524,2.380952381,2.380952381,29.79
270,E08000022,266,E08000022,North Tyneside,North Tyneside,139080,101669,207913,43.4,95.07389163,1.477832512,0.492610837,2.463054187,0,0.492610837,22.279
271,E08000023,267,E08000023,South Tyneside,South Tyneside,96096,72481,150976,43.6,94.63087248,0.67114094,0.67114094,2.013422819,1.342281879,0.67114094,31.509
272,E08000024,268,E08000024,Sunderland,Sunderland,182518,133901,277705,42.3,95.30685921,0.722021661,0.722021661,2.888086643,0.36101083,0,30.586
273,E08000025,269,E08000025,Birmingham,Birmingham,560556,397634,1141816,32.6,51.5070922,4.875886525,2.482269504,29.87588652,8.421985816,2.836879433,38.067
274,E08000026,270,E08000026,Coventry,Coventry,187346,138148,371521,32.3,64.02266289,9.065155807,1.983002833,17.56373938,4.815864023,2.549575071,25.613
275,E08000027,271,E08000027,Dudley,Dudley,200918,152593,321596,42.2,87.42138365,0.943396226,1.257861635,7.232704403,1.886792453,1.257861635,24.103
276,E08000028,272,E08000028,Sandwell,Sandwell,179834,130818,328450,36.4,62.22910217,3.405572755,2.476780186,21.98142415,7.430340557,2.476780186,34.884
277,E08000029,273,E08000029,Solihull,Solihull,138898,107683,216374,43.4,84.03755869,3.755868545,1.408450704,8.450704225,1.408450704,0.938967136,17.37
278,E08000030,274,E08000030,Walsall,Walsall,166720,125375,285478,38.3,75.89928058,2.877697842,1.438848921,15.4676259,3.597122302,0.71942446,31.555
279,E08000031,275,E08000031,Wolverhampton,Wolverhampton,150597,109674,263357,37.6,65.63706564,5.019305019,3.474903475,17.37451737,6.563706564,1.930501931,32.102
280,E08000032,276,E08000032,Bradford,Bradford,296963,211200,539776,36,68.79699248,5.639097744,1.127819549,22.55639098,1.127819549,0.751879699,34.666
281,E08000033,277,E08000033,Calderdale,Calderdale,130866,99165,211455,42.1,89.04761905,2.857142857,0.952380952,6.19047619,0.476190476,0.476190476,26.351
282,E08000034,278,E08000034,Kirklees,Kirklees,267316,192794,439787,39.2,75.86206897,2.75862069,1.609195402,17.01149425,2.068965517,0.689655172,25.151
283,E08000035,279,E08000035,Leeds,Leeds,465324,333779,793139,35.5,81.53846154,3.846153846,2.692307692,6.794871795,3.076923077,2.051282051,27.301
284,E08000036,280,E08000036,Wakefield,Wakefield,222459,166382,348312,42.1,88.98809524,4.166666667,1.19047619,4.166666667,0.892857143,0.595238095,27.306
285,E08000037,281,E08000037,Gateshead,Gateshead,124995,93536,202055,41.4,95.07389163,1.97044335,0.492610837,1.477832512,0.492610837,0.492610837,28.217
286,E09000001,282,E09000001,City of London,City of London,5317,3080,9721,44.2,0,0,0,0,0,0,14.72
287,E09000002,283,E09000002,Barking and Dagenham,Barking and Dagenham,97039,62838,212906,32.1,36.36363636,12.44019139,3.349282297,18.18181818,24.40191388,5.263157895,32.768
288,E09000003,284,E09000003,Barnet,Barnet,217408,154911,395869,36.8,49.35064935,18.18181818,4.155844156,14.54545455,5.454545455,8.311688312,16.148
289,E09000004,285,E09000004,Bexley,Bexley,144780,101368,248287,38.7,74.28571429,4.897959184,2.040816327,6.93877551,11.02040816,0.816326531,16.273
290,E09000005,286,E09000005,Brent,Brent,181215,118709,329771,34.9,15.95092025,19.32515337,4.90797546,33.43558282,17.48466258,8.895705521,25.558
291,E09000006,287,E09000006,Bromley,Bromley,203236,143412,332336,40.6,73.70030581,9.174311927,2.752293578,6.116207951,6.422018349,1.834862385,14.163
292,E09000007,288,E09000007,Camden,Camden,122427,74220,270029,34,46.77419355,17.74193548,4.435483871,13.70967742,8.870967742,8.467741935,20.131
293,E09000008,289,E09000008,Croydon,Croydon,202227,135778,386710,37.1,48.17708333,9.635416667,5.208333333,15.36458333,19.27083333,2.34375,22.477
294,E09000009,290,E09000009,Ealing,Ealing,199651,123910,341806,36.3,26.95652174,18.84057971,5.217391304,31.30434783,9.855072464,7.826086957,22.71
295,E09000010,291,E09000010,Enfield,Enfield,179411,134492,333794,35.8,39.87915408,21.14803625,3.927492447,11.17824773,18.12688822,5.740181269,25.781
296,E09000011,292,E09000011,Greenwich,Greenwich,150297,95084,287942,34.5,51.25448029,12.18637993,3.584229391,13.97849462,16.84587814,2.150537634,24.464
297,E09000012,293,E09000012,Hackney,Hackney,127141,69641,281120,32.7,37.72893773,15.38461538,4.029304029,8.424908425,21.61172161,12.82051282,32.526
298,E09000013,294,E09000013,Hammersmith and Fulham,Hammersmith and Fulham,100779,57794,185143,34.6,43.09392265,27.0718232,3.867403315,8.287292818,12.15469613,5.524861878,22.27
299,E09000014,295,E09000014,Haringey,Haringey,135909,83269,268647,35,36.02941176,25,4.044117647,8.823529412,16.54411765,9.558823529,27.956
300,E09000015,296,E09000015,Harrow,Harrow,154416,108499,251160,37.7,28.1124498,15.26104418,2.81124498,42.57028112,5.62248996,5.62248996,15.031
301,E09000016,297,E09000016,Havering,Havering,148171,106414,259552,39.4,79.84189723,7.509881423,1.581027668,5.138339921,4.347826087,1.581027668,16.789
302,E09000017,298,E09000017,Hillingdon,Hillingdon,173488,117067,306870,35.7,45.81939799,9.698996656,3.010033445,25.75250836,8.695652174,7.023411371,18.223
303,E09000018,299,E09000018,Hounslow,Hounslow,164804,100165,271523,35.7,33.58208955,16.41791045,2.611940299,35.07462687,5.597014925,6.71641791,21.487
304,E09000019,300,E09000019,Islington,Islington,115638,66277,242467,32.1,47.4137931,18.96551724,4.74137931,7.327586207,11.63793103,9.913793103,27.535
305,E09000020,301,E09000020,Kensington and Chelsea,Kensington and Chelsea,82684,52216,156129,39,35.66878981,31.21019108,4.458598726,8.917197452,9.554140127,10.1910828,21.526
306,E09000021,302,E09000021,Kingston upon Thames,Kingston upon Thames,106550,65708,177507,36.8,62.20930233,11.62790698,3.488372093,13.37209302,2.906976744,6.395348837,11.381
307,E09000022,303,E09000022,Lambeth,Lambeth,169278,101446,326034,32.9,47.9876161,17.64705882,4.953560372,3.405572755,23.21981424,2.786377709,25.422
308,E09000023,304,E09000023,Lewisham,Lewisham,151546,89952,305842,34.7,47.98657718,14.09395973,4.697986577,8.053691275,23.15436242,2.013422819,26.661
309,E09000024,305,E09000024,Merton,Merton,125960,77672,206548,36.7,43.96135266,15.4589372,4.347826087,19.3236715,12.07729469,4.830917874,14.649
310,E09000025,306,E09000025,Newham,Newham,162150,93163,353134,31.6,15.36231884,16.23188406,1.739130435,43.76811594,14.49275362,8.405797101,29.577
311,E09000026,307,E09000026,Redbridge,Redbridge,164808,105561,305222,35.2,31.22923588,11.96013289,2.325581395,44.18604651,6.976744186,3.322259136,17.203
312,E09000027,308,E09000027,Richmond upon Thames,Richmond upon Thames,129449,80450,198019,40.4,72.30769231,14.35897436,3.58974359,5.128205128,1.538461538,3.076923077,9.425
313,E09000028,309,E09000028,Southwark,Southwark,161120,94662,318830,33.1,40.83601286,12.86173633,5.144694534,9.324758842,26.36655949,5.466237942,25.811
314,E09000029,310,E09000029,Sutton,Sutton,123417,84187,206349,39,66.33663366,7.920792079,3.96039604,12.87128713,4.455445545,4.455445545,13.987
315,E09000030,311,E09000030,Tower Hamlets,Tower Hamlets,146470,73615,324745,31,26.57807309,12.62458472,2.657807309,45.51495017,6.976744186,5.647840532,27.913
316,E09000031,312,E09000031,Waltham Forest,Waltham Forest,138339,83501,276983,34.5,36.49635036,18.24817518,3.649635036,20.4379562,16.05839416,5.109489051,25.209
317,E09000032,313,E09000032,Wandsworth,Wandsworth,188846,105947,329677,33.7,54.82866044,16.51090343,3.115264798,12.77258567,7.165109034,5.607476636,16.611
318,E09000033,314,E09000033,Westminster,Westminster,119634,71331,261317,36.2,34.4,24,3.6,12.4,7.6,18,20.339